<?xml version="1.0" encoding="UTF-8" standalone="yes" ?><metadata xmlns="http://schemas.mathworks.com/appDesigner/app/2017/appMetadata"><description></description><MLAPPVersion>2</MLAPPVersion><minimumSupportedMATLABRelease>R2018a</minimumSupportedMATLABRelease><screenshotMode>auto</screenshotMode><uuid>e79b0da9-f51c-49c3-87fc-2c1e05adbd57</uuid><AppType>Standard</AppType><componentProducts/><imageRelativePaths><imageRelativePath path="Logo-UNINORTE.png"/></imageRelativePaths><userComponents/></metadata>